Lot Number,Region,In-Country Partner
CQU2022015,"Piendamo,Cauca",Japan Coffee Exchange
"The 2022 Pacific Rim Coffee Summit,T037",Chiayi,Taiwan Coffee Laboratory Taiwan Coffee Laboratory
"The 2022 Pacific Rim Coffee Summit,LA01",Laos Borofen Plateau,Taiwan Coffee Laboratory Taiwan Coffee Laboratory
CQU2022017,"Los Santos,Tarrazu",Japan Coffee Exchange
CQU2023002,"Popayan,Cauca",Japan Coffee Exchange
"The 2022 Pacific Rim Coffee Summit,GT02",Chimaltenango,Taiwan Coffee Laboratory Taiwan Coffee Laboratory
"The 2022 Pacific Rim Coffee Summit,T034",Chiayi,Taiwan Coffee Laboratory Taiwan Coffee Laboratory
"The 2022 Pacific Rim Coffee Summit,T050",Chiayi,Taiwan Coffee Laboratory Taiwan Coffee Laboratory
"The 2022 Pacific Rim Coffee Summit,T018",Chiayi,Taiwan Coffee Laboratory Taiwan Coffee Laboratory
CN 4127230034/4189230113,KILIMANJARO,Kenya Coffee Traders Association
010/0296/600,Guji,Japan Coffee Exchange
"The 2022 Pacific Rim Coffee Summit,GT12",Acatenango,Taiwan Coffee Laboratory Taiwan Coffee Laboratory
"The 2022 Pacific Rim Coffee Summit,T051",Yunlin,Taiwan Coffee Laboratory Taiwan Coffee Laboratory
"Grade 1, Guji, Natural, Gelana Geisha",Guji,METAD Agricultural Development plc
"The 2022 Pacific Rim Coffee Summit,CO03",tolima,Taiwan Coffee Laboratory Taiwan Coffee Laboratory
"The 2022 Pacific Rim Coffee Summit,T014",Chiayi,Taiwan Coffee Laboratory Taiwan Coffee Laboratory
CQU2023006,"Gedeb,Yirgacheffe,Sidamo",Japan Coffee Exchange
202203,"Shibi, Gukeng Township, Yunlin County zip code, Taiwan (R.O.C.)",Blossom Valley International Chenyi International
202112,"GUkeng township, Y UNlin county",Blossom Valley International Chenyi International
CN 4127230032/P-9140,Arusha,Kenya Coffee Traders Association
"The 2022 Pacific Rim Coffee Summit,GT03","Guatemala, Fraijanes, Santa Rosa",Taiwan Coffee Laboratory Taiwan Coffee Laboratory
2022/03,Zhuoxi Township Zhuoxi Township,Taiwan Coffee Laboratory Taiwan Coffee Laboratory
1,Chiang Mai,FABB Academy of Coffee
CQU2023005,Quindio,Japan Coffee Exchange
"The 2022 Pacific Rim Coffee Summit, T003",Yunlin,Taiwan Coffee Laboratory Taiwan Coffee Laboratory
Arara 1,Região Vulcânica,Brazil Specialty Coffee Association
"The 2022 Pacific Rim Coffee Summit,T024",Chiayi,Taiwan Coffee Laboratory Taiwan Coffee Laboratory
"The 2022 Pacific Rim Coffee Summit,T048",Yunlin,Taiwan Coffee Laboratory Taiwan Coffee Laboratory
"The 2022 Pacific Rim Coffee Summit,T045",Chiayi,Taiwan Coffee Laboratory Taiwan Coffee Laboratory
"The 2022 Pacific Rim Coffee Summit,US01",Kona,Taiwan Coffee Laboratory Taiwan Coffee Laboratory
2022/3/1(Lao Cong),Shoufeng Township Shoufeng Township,Taiwan Coffee Laboratory Taiwan Coffee Laboratory
2022/02,Shoufeng Township Shoufeng Township,Taiwan Coffee Laboratory Taiwan Coffee Laboratory
2022 Tainan City Specialty Coffee Evaluation Batch,"Dongshan Dist., Tainan City",Taiwan Coffee Laboratory Taiwan Coffee Laboratory
Washed Limmu,Oromia,METAD Agricultural Development plc
65,Southern Ethiopia Guji,METAD Agricultural Development plc
1,OROMIA,METAD Agricultural Development plc
"The 2022 Pacific Rim Coffee Summit, T004",Chiayi,Taiwan Coffee Laboratory Taiwan Coffee Laboratory
2022 Tainan City Specialty Coffee Evaluation Batch,"Dongshan Dist., Tainan City",Taiwan Coffee Laboratory Taiwan Coffee Laboratory
5516,Central,Kenya Coffee Traders Association
202203,"C Aoling, GU Keng township, Y UN Lin county",Blossom Valley International Chenyi International
2022/01,Show Linxia Township,Taiwan Coffee Laboratory Taiwan Coffee Laboratory
"Dewen Section, Sandimen Township, Pingtung County","Pingtung, Taiwan",Taiwan Coffee Laboratory Taiwan Coffee Laboratory
A26-Northern Taiwan Specialty Coffee Evaluation,Miaoli County,Taiwan Coffee Laboratory Taiwan Coffee Laboratory
7938,Rwenzori,Uganda Coffee Development Authority
2021/01,Shoufeng Township Shoufeng Township,Taiwan Coffee Laboratory Taiwan Coffee Laboratory
"The 2022 Pacific Rim Coffee Summit,T011",Yunlin,Taiwan Coffee Laboratory Taiwan Coffee Laboratory
11/15/118,Antigua,National Coffee Association
11/951/279,Santa Rosa,National Coffee Association
11/441/50,Quiche,National Coffee Association
A03-Northern Taiwan Specialty Coffee Evaluation,Hsinchu County,Taiwan Coffee Laboratory Taiwan Coffee Laboratory
A23-Northern Taiwan Specialty Coffee Evaluation,Hsinchu County,Taiwan Coffee Laboratory Taiwan Coffee Laboratory
016/1513/262,Aceh Tengah,NKG Quality Service (a division of Bernhard Rothfos Intercafé AG)
"The 2022 Pacific Rim Coffee Summit,PE02",Villa Rica,Taiwan Coffee Laboratory Taiwan Coffee Laboratory
S59588/P03989,Mbeya,Kenya Coffee Traders Association
"The 2022 Pacific Rim Coffee Summit,T029",Chiayi,Taiwan Coffee Laboratory Taiwan Coffee Laboratory
"The 2022 Pacific Rim Coffee Summit,T039",NaN header,Taiwan Coffee Laboratory Taiwan Coffee Laboratory
FBT111,Campo das Vertentes,Japan Coffee Exchange
2-237-05,Boquete,Specialty Coffee Association of Costa Rica
"Majiajia, Pingtung County","Pingtung, Taiwan",Taiwan Coffee Laboratory Taiwan Coffee Laboratory
11/15/117,Huehuetenango,National Coffee Association
11/54876/03,ANTIGUA GUATEMALA,National Coffee Association
12075,Tarrazu,Specialty Coffee Association of Costa Rica
A11-Northern Taiwan Specialty Coffee Evaluation,Hsinchu County,Taiwan Coffee Laboratory Taiwan Coffee Laboratory
2022 Tainan City Specialty Coffee Evaluation Batch,"(Dongshan Dist., Tainan City)",Taiwan Coffee Laboratory Taiwan Coffee Laboratory
10 1.1,ESTELI,Specialty Coffee Association
"The 2022 Pacific Rim Coffee Summit,T036",Chiayi,Taiwan Coffee Laboratory Taiwan Coffee Laboratory
"The 2022 Pacific Rim Coffee Summit,T042",Chiayi,Taiwan Coffee Laboratory Taiwan Coffee Laboratory
"The 2022 Pacific Rim Coffee Summit,VN02",Quang Tri,Taiwan Coffee Laboratory Taiwan Coffee Laboratory
CQU2022018,"Los Santos,Tarrazu",Japan Coffee Exchange
A37-Northern Taiwan Specialty Coffee Evaluation,Miaoli County,Taiwan Coffee Laboratory Taiwan Coffee Laboratory
36,"Centro, Lagunetillas-Ajuterique, Comayagua",Honduran Coffee Institute
712,Ethiopia,Blossom Valley International Chenyi International
2021/11,Yuli Township Yuli Township,Taiwan Coffee Laboratory Taiwan Coffee Laboratory
"The 2022 Pacific Rim Coffee Summit,T031",Yunlin,Taiwan Coffee Laboratory Taiwan Coffee Laboratory
11-63-657,Huehuetenango,National Coffee Association
Islander’s Coffee for Pacific Rim Summit,Ka'u district of Big Island,Taiwan Coffee Laboratory Taiwan Coffee Laboratory
65,Addis Ababa,METAD Agricultural Development plc
"The 2022 Pacific Rim Coffee Summit,SV01",Chalatenango,Taiwan Coffee Laboratory Taiwan Coffee Laboratory
NPCO-17418,Sierra Nevada de Santa Marta,COLOMBIAN ASSOCIATION FOR COFFEE EXCELLENCE
CQU2022018,"Lintong Nihuta/Dolok Sanggul,Sumatera Utara",Japan Coffee Exchange
11/15/96,Atitlán,National Coffee Association
1,Itasy,NKG Quality Service (a division of Bernhard Rothfos Intercafé AG)
8,"Centro, Lagunetillas-Ajuterique, Comayagua",Honduran Coffee Institute
11/441/49,Quiche,National Coffee Association
A32-Northern Taiwan Specialty Coffee Evaluation,New Taipei City,Taiwan Coffee Laboratory Taiwan Coffee Laboratory
"The 2022 Pacific Rim Coffee Summit,T017",Yunlin,Taiwan Coffee Laboratory Taiwan Coffee Laboratory
11/15/51,Oriente Santa rosa,National Coffee Association
11/15/59,Sierra de las minas,National Coffee Association
"The 2022 Pacific Rim Coffee Summit,HN04","San Andrés, Lempira",Taiwan Coffee Laboratory Taiwan Coffee Laboratory
CN 4127230031/P-9139,ARUSHA,Kenya Coffee Traders Association
1077,Sidama,Agroecological Coffee Center A.C.
CN 4127220159/4189220459,KILIMANJARO,Kenya Coffee Traders Association
3-002-00883,Huila,NKG Quality Service (a division of Bernhard Rothfos Intercafé AG)
12077-01,Tarrazu,Specialty Coffee Association of Costa Rica
"The 2022 Pacific Rim Coffee Summit,GT01",New Oriente,Taiwan Coffee Laboratory Taiwan Coffee Laboratory
11/15/95,Atitlán,National Coffee Association
CQU2022016,Nan,Japan Coffee Exchange
3/37/1370,Pereira,Japan Coffee Exchange
11/63/908,HUEHUETENANGO,National Coffee Association
AMNI-22-0905,ANTIGUA GUATEMALA,National Coffee Association
1,Sidama,Kenya Coffee Traders Association
3-0068-00886,Cauca,COLOMBIAN ASSOCIATION FOR COFFEE EXCELLENCE
"The 2022 Pacific Rim Coffee Summit,US02",Ka'u,Taiwan Coffee Laboratory Taiwan Coffee Laboratory
"The 2022 Pacific Rim Coffee Summit,CO02",Tolima,Taiwan Coffee Laboratory Taiwan Coffee Laboratory
312,Chiapas,Agroecological Coffee Center A.C.
nan,nan,Barista and Coffee Academy of Asia
202203,"C Aoling, GU Keng township, Y UN Lin county",Blossom Valley International Chenyi International
"The 2022 Pacific Rim Coffee Summit,MM01",South Shan State,Taiwan Coffee Laboratory Taiwan Coffee Laboratory
A05-Northern Taiwan Specialty Coffee Evaluation,Hsinchu County,Taiwan Coffee Laboratory Taiwan Coffee Laboratory
"The 2022 Pacific Rim Coffee Summit,HN01","San Jose, La Paz",Taiwan Coffee Laboratory Taiwan Coffee Laboratory
A30-Northern Taiwan Specialty Coffee Evaluation,Hsinchu County,Taiwan Coffee Laboratory Taiwan Coffee Laboratory
A14-Northern Taiwan Specialty Coffee Evaluation,Hsinchu County,Taiwan Coffee Laboratory Taiwan Coffee Laboratory
P-4142,QUICHE,National Coffee Association
AMNI-22-6011-1,Marcala,Honduran Coffee Institute
3-0104-00202 Popayán Supremo,Popayán Cauca,COLOMBIAN ASSOCIATION FOR COFFEE EXCELLENCE
BOURBON 21/22 (Coffea Arabica),North of Thailand,FABB Academy of Coffee
1,OROMIA,METAD Agricultural Development plc
CQU2022011,SU Anya lung,Japan Coffee Exchange
035/170/5021210,Mt Elgon,Uganda Coffee Development Authority
"The 2022 Pacific Rim Coffee Summit,T022",Chiayi,Taiwan Coffee Laboratory Taiwan Coffee Laboratory
7969,Rwenzori,Uganda Coffee Development Authority
A04-Northern Taiwan Specialty Coffee Evaluation,Hsinchu County,Taiwan Coffee Laboratory Taiwan Coffee Laboratory
1,NEW ORIENTE & HUEHUETENANGO,Taiwan Coffee Laboratory Taiwan Coffee Laboratory
A21-Northern Taiwan Specialty Coffee Evaluation,Taoyuan City,Taiwan Coffee Laboratory Taiwan Coffee Laboratory
1,Sierra Nevada de Santa Marta,FABB Academy of Coffee
12074,Tarrazu,Specialty Coffee Association of Costa Rica
"The 2022 Pacific Rim Coffee Summit,T019",Yunlin,Taiwan Coffee Laboratory Taiwan Coffee Laboratory
TYPICA 21/22 (Coffea Arabica),North of Thailand,FABB Academy of Coffee
CN 4127220163/4189220459,KILIMANJARO,Kenya Coffee Traders Association
004/22,Sul de Minas,Brazil Specialty Coffee Association
A41-Northern Taiwan Specialty Coffee Evaluation,Miaoli County,Taiwan Coffee Laboratory Taiwan Coffee Laboratory
CQU2023003,Quindio,Japan Coffee Exchange
"The 2022 Pacific Rim Coffee Summit,HN03","Marcala, La Paz",Taiwan Coffee Laboratory Taiwan Coffee Laboratory
AMNI-22-6011-2,Marcala,Honduran Coffee Institute
A35-Northern Taiwan Specialty Coffee Evaluation,Hsinchu County,Taiwan Coffee Laboratory Taiwan Coffee Laboratory
A20-Northern Taiwan Specialty Coffee Evaluation,Miaoli County,Taiwan Coffee Laboratory Taiwan Coffee Laboratory
DCN03.11.2022,"Nongluang Bolaven Plateau, Champasack, Lao PDR",Specialty Coffee Association of Indonesia
187,"Centro, Lagunetillas - Ajuterique, Comayagua",Honduran Coffee Institute
198,"Los Planes de Santa Maria, La Paz",Honduran Coffee Institute
3-59-0654,HUILA,COLOMBIAN ASSOCIATION FOR COFFEE EXCELLENCE
A17-Northern Taiwan Specialty Coffee Evaluation,Hsinchu County,Taiwan Coffee Laboratory Taiwan Coffee Laboratory
1,"ZONGOLICA, VERACRUZ",Agroecological Coffee Center A.C.
CQU2022013,Quindio,Japan Coffee Exchange
202203,"Shibi, Gukeng Township, Yunlin County zip code, Taiwan (R.O.C.)",Blossom Valley International Chenyi International
273,Marcala,Honduran Coffee Institute
GAYO 21/22 (Coffea Arabica),North of Thailand,FABB Academy of Coffee
VHA-S3,"Eatan Commune, Krong Nang District, Krong Nang Province",Specialty Coffee Association
017-053-0017,Matagalpa,Nicaraguan Specialty Coffee Association
"The 2022 Pacific Rim Coffee Summit,CR01",west Village,Taiwan Coffee Laboratory Taiwan Coffee Laboratory
3/01/12857,Huila,Japan Coffee Exchange
CATURRA 21/22 (Coffea Arabica),North of Thailand,FABB Academy of Coffee
21/22,Chiang Mai,Specialty Coffee Institute of Thailand
197,los planes de santa maria la paz,Honduran Coffee Institute
A01-Northern Taiwan Specialty Coffee Evaluation,Miaoli County,Taiwan Coffee Laboratory Taiwan Coffee Laboratory
A22-Northern Taiwan Specialty Coffee Evaluation,Miaoli County,Taiwan Coffee Laboratory Taiwan Coffee Laboratory
4-3.1,ESTELI,Specialty Coffee Association
Jan-26,Apaneca-Ilamatepec,Salvadoran Coffee Council
P03769,Boquete,Specialty Coffee Association of Costa Rica
MVB-QCert-001/2022,MANTIQUEIRA / SUL DE MINAS,Brazil Specialty Coffee Association
"The 2022 Pacific Rim Coffee Summit,US03",Kona,Taiwan Coffee Laboratory Taiwan Coffee Laboratory
"The 2022 Pacific Rim Coffee Summit,MX01",Veracruz,Taiwan Coffee Laboratory Taiwan Coffee Laboratory
185,"Centro, Lagunetillas - Ajuterique, Comayagua",Honduran Coffee Institute
A02-Northern Taiwan Specialty Coffee Evaluation,Hsinchu County,Taiwan Coffee Laboratory Taiwan Coffee Laboratory
1,"Matagalpa, Nicaragua",Taiwan Coffee Laboratory Taiwan Coffee Laboratory
Apollo Washed 2021,Dalat,Specialty Coffee Association
Jan-26,Apaneca-Ilamatepec,Salvadoran Coffee Council
Jan-74,Apaneca-Ilamatepec,Salvadoran Coffee Council
A48-Northern Taiwan Specialty Coffee Evaluation,Hsinchu County,Taiwan Coffee Laboratory Taiwan Coffee Laboratory
PR138,"Chanchamayo, La Merced",Japan Coffee Exchange
Islander’s Coffee for Pacific Rim Summit,Kona district of Big Island,Taiwan Coffee Laboratory Taiwan Coffee Laboratory
CQU2023004,Kericho,Japan Coffee Exchange
184,"Centro, Lagunetillas - Ajuterique, Comayagua",Honduran Coffee Institute
A43-Northern Taiwan Specialty Coffee Evaluation,Taoyuan City,Taiwan Coffee Laboratory Taiwan Coffee Laboratory
A34-Northern Taiwan Specialty Coffee Evaluation,Miaoli County,Taiwan Coffee Laboratory Taiwan Coffee Laboratory
A50-Northern Taiwan Specialty Coffee Evaluation,Taoyuan City,Taiwan Coffee Laboratory Taiwan Coffee Laboratory
MIXED DT 21/22 (Coffea Arabica),North of Thailand,FABB Academy of Coffee
S019194-P04178,Corralillo Tarrazu,Specialty Coffee Association of Costa Rica
SA4238,Oriente,Japan Coffee Exchange
015/1686/057,Sumatra,NKG Quality Service (a division of Bernhard Rothfos Intercafé AG)
301R,"Chanchamayo, La Merced",Japan Coffee Exchange
GF-23392,Antigua,Taiwan Coffee Laboratory Taiwan Coffee Laboratory
A10-Northern Taiwan Specialty Coffee Evaluation,Taoyuan City,Taiwan Coffee Laboratory Taiwan Coffee Laboratory
221221,Lam Dong Province,Firedancer Coffee Consultants
CQU2023007,Mantiquira de minas,Japan Coffee Exchange
1,Sul de Minas,Taiwan Coffee Laboratory Taiwan Coffee Laboratory
1,Santander,Taiwan Coffee Laboratory Taiwan Coffee Laboratory
2,"Coatepec, Veracruz",Agroecological Coffee Center A.C.
OIC 5-019-0037/Contentedor: DRYU3106597/Cliente: O COFFEE,occidente,Specialty Coffee Association of Costa Rica
A46-Northern Taiwan Specialty Coffee Evaluation,New Taipei City,Taiwan Coffee Laboratory Taiwan Coffee Laboratory
A38-Northern Taiwan Specialty Coffee Evaluation,Taipei City,Taiwan Coffee Laboratory Taiwan Coffee Laboratory
JAVA 21/22 (Coffea Arabica),North of Thailand,FABB Academy of Coffee
"The 2022 Pacific Rim Coffee Summit,TH07",Chiang Rai,Taiwan Coffee Laboratory Taiwan Coffee Laboratory
MIXED 21/22 (Coffea Arabica),North of Thailand,FABB Academy of Coffee
CQU2022019,Cauca,Japan Coffee Exchange
38,Alta Mogiana-Ibiraci,Japan Coffee Exchange
0623C01,"Volcan Chinchontepek, San Vicente, El Salvador",Salvadoran Coffee Council
017/053/0603,nan,Japan Coffee Exchange
1,Jinotega,Nicaraguan Specialty Coffee Association
CQU2023001,"Caicedonia,Valle del Cauca",Japan Coffee Exchange
PR137,"Chanchamayo, Lamerced",Japan Coffee Exchange
0523B01,"Volcan Chinchontepek, San Vicente, El Salvador",Salvadoran Coffee Council
002/1738/0029,Alta Mogiana-Ibiraci,Japan Coffee Exchange
019/22,Sul de Minas,Brazil Specialty Coffee Association
017-053-0155,Matagalpa,Nicaraguan Specialty Coffee Association
105/3/VL7285-005,Bolaven Plateau,Japan Coffee Exchange
0423A01,"Volcan de San Vicente, La Paz, El Salvador",Salvadoran Coffee Council
1058 y 1059,Minas Gerais,Agroecological Coffee Center A.C.
